{
  "version": 1,
  "author": "Anonymous maker",
  "editor": "wokwi",
  "parts": [
    { "type": "wokwi-esp32-devkit-v1", "id": "esp", "top": 75.34, "left": 40, "attrs": {} },
    {
      "type": "wokwi-hc-sr04",
      "id": "ultrasonic1",
      "top": -46.9,
      "left": -154.63,
      "rotate": 270,
      "attrs": { "distance": "3" }
    },
    {
      "type": "wokwi-led",
      "id": "led1",
      "top": 64.66,
      "left": -22.73,
      "attrs": { "color": "red" }
    },
    {
      "type": "wokwi-resistor",
      "id": "r1",
      "top": 36.22,
      "left": 155.47,
      "rotate": 90,
      "attrs": { "value": "1000" }
    },
    {
      "type": "wokwi-resistor",
      "id": "r2",
      "top": 116.22,
      "left": 154.13,
      "rotate": 90,
      "attrs": { "value": "1000" }
    },
    {
      "type": "wokwi-resistor",
      "id": "r4",
      "top": 158.88,
      "left": -23.86,
      "rotate": 90,
      "attrs": { "value": "1000" }
    },
    {
      "type": "wokwi-buzzer",
      "id": "bz1",
      "top": -119.47,
      "left": 102.73,
      "attrs": { "volume": "0.1" }
    }
  ],
  "connections": [
    [ "esp:TX0", "$serialMonitor:RX", "", [] ],
    [ "esp:RX0", "$serialMonitor:TX", "", [] ],
    [ "led1:A", "r4:1", "green", [ "v0" ] ],
    [ "r4:2", "esp:D2", "green", [ "h0.62", "v15.72", "h-0.67" ] ],
    [ "r2:2", "esp:GND.1", "green", [ "h-6.71", "v75.05" ] ],
    [ "r1:2", "esp:D5", "green", [ "h-19.38", "v44.38" ] ],
    [ "r2:1", "r1:2", "green", [ "h0" ] ],
    [ "ultrasonic1:ECHO", "r1:1", "green", [ "h211.24", "v1.93" ] ],
    [ "ultrasonic1:TRIG", "esp:D18", "green", [ "h185.9", "v146.6" ] ],
    [ "ultrasonic1:GND", "esp:GND.1", "black", [ "h53.24", "v238.6" ] ],
    [ "ultrasonic1:VCC", "esp:VIN", "red", [ "h-2.1", "v168.6", "h-40.67", "v47.33" ] ],
    [ "led1:C", "esp:GND.1", "green", [ "v0" ] ],
    [ "bz1:1", "esp:GND.1", "green", [ "v0" ] ],
    [ "bz1:2", "esp:D21", "green", [ "v0" ] ]
  ],
  "dependencies": {}
}